{
  "project_info": {
    "project_number": "409521662965",
    "firebase_url": "https://foodie-89819.firebaseio.com",
    "project_id": "foodie-89819",
    "storage_bucket": "foodie-89819.appspot.com"
  },
  "client": [
    {
      "client_info": {
        "mobilesdk_app_id": "1:409521662965:android:0f273600a80b153d7a4ebc",
        "android_client_info": {
          "package_name": "com.connect.foodies.foodies"
        }
      },
      "oauth_client": [
        {
          "client_id": "409521662965-h7st7h0pr97b9faq675r38igslub0tpt.apps.googleusercontent.com",
          "client_type": 3
        }
      ],
      "api_key": [
        {
          "current_key": "AIzaSyCDBDvknP0GLYrjjuCLV6UsZJ7cylgTArw"
        }
      ],
      "services": {
        "appinvite_service": {
          "other_platform_oauth_client": [
            {
              "client_id": "409521662965-h7st7h0pr97b9faq675r38igslub0tpt.apps.googleusercontent.com",
              "client_type": 3
            }
          ]
        }
      }
    }
  ],
  "configuration_version": "1"
}